carsynergies.de@brunel.net;Brunel Car Synergies GmbH;Alemannenstrasse 19-23; DE-71296 Heimsheim
info@aviator-watches.de;AVIATOR Watches;Max-Eythstrasse 123; DE-72760 Reutlingen
info@24commerce.de;24Commerce GmbH;Benzstrasse 28; DE-72793 Pfullingen
info@adion.de;adiOn Informationsmanagement GmbH;Ulmenstrasse 2; DE-71088 Holzgerlingen
info@cls-computer.de;CLS-Computer;Auf dem Sand 76; DE-68309 Mannheim
info@datec24.de;datec24 AG;Zettachring 10; DE-70567 Stuttgart
info@f-systeme.de;F-Systems GmbH;B 1 7a; DE-68159 Mannheim
info@innoopract.de;Innoopract Informationssysteme GmbH;Lammstrasse 21; DE-76133 Karlsruhe
info@integratio.com;integratio GmbH;Otto-Lilienthal-Strasse 36; DE-71034 Boblingen
info@itcompact.de;it compact InformationsTechnologie GmbH;Mercedesstrasse 18; DE-71384 Weinstadt
info@krieger-gmbh.de;Dipl.Ing.W. Krieger GmbH & Co. KG;Speyerer Strasse 22-24; DE-68163 Mannheim
info@makrofactory.com;Makro Factory GmbH & Co. KG;An der RaumFabrik 30; DE-76227 Karlsruhe
info@marcard-media.de;MARCARD MEDIA;Nikolaus-Otto-Strasse 12; DE-70771 Leinfelden-Echterdingen
info@marillabax.de;marillabax GmbH & Co. KG;Knigsallee 43; DE-71638 Ludwigsburg
info@mhp.com;MHP Management;Knigsallee 49; DE-71638 Ludwigsburg
info@ping247.de;Ping 24/7 GmbH;Tullastrasse 58; DE-76131 Karlsruhe
info@rcm-itcenter.de;RCM IT Refurbish Center GmbH;Max-Eyth-Strasse 27; DE-70736 Fellbach
info@reinhardt.gmbh;Reinhardt GmbH;Güterbahnhofstrasse 1; DE-78048 VS-Villingen
info@star-cooperation.com;STAR COOPERATION  GmbH;Otto-Lilienthal-Strasse 5; DE-71034 Boblingen
info@use-projekt.de;USE Projektmanagement GmbH;Eglosheimer Strasse 40; DE-71636 Ludwigsburg
info@visus-media.de;Visus Media;Im Wohr 6; DE-76437 Rastatt
info@vivavis.com;VIVAVIS GmbH;Nobelstraße 18; DE-76275 Ettlingen
kontakt@antecos.com;AnTeCoS GmbH;Bruchsaler Str. 18; DE-68753 Waghäusel
kontakt@bc-competence.de;bc-competence gmbh;Rosine-Starz-Str. 16; DE-71272 Renningen
kontakt@etengo.de;Etengo (Deutschland) AG;Konrad-Zuse-Ring 27; DE-68163 Mannheim
kontakt@sternit.de;SternIT;Eisenachweg 2; DE-71672 Marbach
mail@buzzi.de;Kunststofftechnik Buzzi GmbH;Vor Heubach 4; DE-77761 Schiltach
schmitt.oliver@securitas.de;Securitas GmbH document solutions;Maybachstrasse 11; DE-70771 Leinfelden-Echterdingen
stuttgart@sunato.de;Sunato Stuttgart GmbH - be clever linked;Denkendorfer Strasse 11; DE-70771 Leinfelden-Echterdingen
wlw@d-i-s.de;D-I-S commerce engineering;Friedrichstrasse  37; DE-70174 Stuttgart
zep@provantis.de;provantis IT Solutions GmbH;Stuttgarter Strasse 41; DE-71254 Ditzingen
carsynergies.de@brunel.net;;;
info@aviator-watches.de;;;
info@24commerce.de;;;
info@adion.de;;;
info@cls-computer.de;;;
info@datec24.de;;;
info@f-systeme.de;;;
info@innoopract.de;;;
info@integratio.com;;;
info@itcompact.de;;;
info@krieger-gmbh.de;;;
info@makrofactory.com;;;
info@marcard-media.de;;;
info@marillabax.de;;;
info@mhp.com;;;
info@ping247.de;;;
info@rcm-itcenter.de;;;
info@reinhardt.gmbh;;;
info@star-cooperation.com;;;
info@use-projekt.de;;;
info@visus-media.de;;;
info@vivavis.com;;;
kontakt@antecos.com;;;
kontakt@bc-competence.de;;;
kontakt@etengo.de;;;
kontakt@sternit.de;;;
mail@buzzi.de;;;
schmitt.oliver@securitas.de;;;
stuttgart@sunato.de;;;
wlw@d-i-s.de;;;
zep@provantis.de;;;
